<?xml version="1.0" encoding="UTF-8"?>
<project-private xmlns="http://www.netbeans.org/ns/project-private/1">
    <editor-bookmarks xmlns="http://www.netbeans.org/ns/editor-bookmarks/2" lastBookmarkId="0"/>
    <open-files xmlns="http://www.netbeans.org/ns/projectui-open-files/2">
        <group>
            <file>file:/C:/Users/Asus/Documents/NetBeansProjects/Roominfo/src/Controllers/UserLogInController.java</file>
            <file>file:/C:/Users/Asus/Documents/NetBeansProjects/Roominfo/src/Controllers/PaymentController.java</file>
            <file>file:/C:/Users/Asus/Documents/NetBeansProjects/Roominfo/src/Controllers/UserRegistrationController.java</file>
            <file>file:/C:/Users/Asus/Documents/NetBeansProjects/Roominfo/src/roominfo/Payment.java</file>
            <file>file:/C:/Users/Asus/Documents/NetBeansProjects/Roominfo/src/Controllers/DashboardController.java</file>
            <file>file:/C:/Users/Asus/Documents/NetBeansProjects/Roominfo/src/roominfo/Roominfo.java</file>
        </group>
    </open-files>
</project-private>
